{
  "xgboost": {
    "accuracy": 0.780045351473923,
    "report": {
      "0.0": {
        "precision": 0.7464285714285714,
        "recall": 0.8893617021276595,
        "f1-score": 0.8116504854368932,
        "support": 235.0
      },
      "1.0": {
        "precision": 0.8385093167701864,
        "recall": 0.6553398058252428,
        "f1-score": 0.7356948228882834,
        "support": 206.0
      },
      "accuracy": 0.780045351473923,
      "macro avg": {
        "precision": 0.7924689440993788,
        "recall": 0.7723507539764511,
        "f1-score": 0.7736726541625882,
        "support": 441.0
      },
      "weighted avg": {
        "precision": 0.7894413458965367,
        "recall": 0.780045351473923,
        "f1-score": 0.7761700625683815,
        "support": 441.0
      }
    },
    "confusion_matrix": [
      [
        209,
        26
      ],
      [
        71,
        135
      ]
    ]
  },
  "logistic_regression": {
    "accuracy": 0.7868480725623582,
    "report": {
      "0.0": {
        "precision": 0.7582417582417582,
        "recall": 0.8808510638297873,
        "f1-score": 0.8149606299212598,
        "support": 235.0
      },
      "1.0": {
        "precision": 0.8333333333333334,
        "recall": 0.6796116504854369,
        "f1-score": 0.7486631016042781,
        "support": 206.0
      },
      "accuracy": 0.7868480725623582,
      "macro avg": {
        "precision": 0.7957875457875458,
        "recall": 0.780231357157612,
        "f1-score": 0.781811865762769,
        "support": 441.0
      },
      "weighted avg": {
        "precision": 0.7933185484205891,
        "recall": 0.7868480725623582,
        "f1-score": 0.7839917164670689,
        "support": 441.0
      }
    },
    "confusion_matrix": [
      [
        207,
        28
      ],
      [
        66,
        140
      ]
    ]
  }
}