{
  "xgboost": {
    "accuracy": 0.7777777777777778,
    "report": {
      "0.0": {
        "precision": 0.7455197132616488,
        "recall": 0.8851063829787233,
        "f1-score": 0.8093385214007782,
        "support": 235.0
      },
      "1.0": {
        "precision": 0.8333333333333334,
        "recall": 0.6553398058252428,
        "f1-score": 0.7336956521739131,
        "support": 206.0
      },
      "accuracy": 0.7777777777777778,
      "macro avg": {
        "precision": 0.7894265232974911,
        "recall": 0.770223094401983,
        "f1-score": 0.7715170867873457,
        "support": 441.0
      },
      "weighted avg": {
        "precision": 0.7865392273994425,
        "recall": 0.7777777777777778,
        "f1-score": 0.7740042106054624,
        "support": 441.0
      }
    },
    "confusion_matrix": 